Title,Rating,Ownership_Type,Industry,Sector,Revenue,Min_Salary,Max_Salary,Min_Size,Max_Size
Sr Data Scientist,Good,Non-Profit,Insurance Carriers,Insurance,Unknown / Non-Applicable,137,171,1001.0,5000.0
Data Scientist,Excellent,Corporate,Research & Development,Business Services,High Revenue,137,171,5001.0,10000.0
Data Scientist,Good,Other,Consulting,Business Services,Medium Revenue,137,171,1001.0,5000.0
Data Scientist,Good,Corporate,Electrical & Electronic Manufacturing,Manufacturing,Medium Revenue,137,171,501.0,1000.0
Data Scientist,Fair,Corporate,Advertising & Marketing,Business Services,Unknown / Non-Applicable,137,171,51.0,200.0
Data Scientist,Excellent,Corporate,Computer Hardware & Software,Information Technology,Unknown / Non-Applicable,137,171,51.0,200.0
Data Scientist / Machine Learning Expert,Good,Corporate,Biotech & Pharmaceuticals,Biotech & Pharmaceuticals,High Revenue,137,171,51.0,200.0
Data Scientist,Good,Corporate,Consumer Electronics & Appliances Stores,Retail,High Revenue,137,171,1001.0,5000.0
Staff Data Scientist - Analytics,Excellent,Corporate,Computer Hardware & Software,Information Technology,High Revenue,137,171,5001.0,10000.0
Data Scientist,Good,Corporate,Enterprise Software & Network Solutions,Information Technology,Unknown / Non-Applicable,137,171,51.0,200.0
Data Scientist,Excellent,Corporate,Enterprise Software & Network Solutions,Information Technology,Medium Revenue,137,171,501.0,1000.0
Data Scientist,Excellent,Corporate,IT Services,Information Technology,Unknown / Non-Applicable,137,171,51.0,200.0
"Data Scientist - Statistics, Early Career",Good,Goverment,Energy,"Oil, Gas, Energy & Utilities",High Revenue,137,171,1001.0,5000.0
Data Modeler,Good,Corporate,Chemical Manufacturing,Manufacturing,High Revenue,137,171,201.0,500.0
Data Scientist,Good,Corporate,Consulting,Business Services,Medium Revenue,137,171,1001.0,5000.0
Experienced Data Scientist,Excellent,Corporate,Federal Agencies,Government,Unknown / Non-Applicable,137,171,1.0,50.0
Data Scientist - Contract,Excellent,Corporate,Internet,Information Technology,Unknown / Non-Applicable,137,171,51.0,200.0
Data Scientist,Good,Corporate,Chemical Manufacturing,Manufacturing,High Revenue,137,171,1001.0,5000.0
Data Analyst II,Excellent,Corporate,Enterprise Software & Network Solutions,Information Technology,High Revenue,137,171,5001.0,10000.0
Medical Lab Scientist,Good,Non-Profit,Health Care Services & Hospitals,Health Care,Unknown / Non-Applicable,137,171,5001.0,10000.0
Data Scientist,Good,Corporate,Computer Hardware & Software,Information Technology,Unknown / Non-Applicable,137,171,51.0,200.0
Data Scientist/Machine Learning,Excellent,Corporate,Internet,Information Technology,Medium Revenue,137,171,51.0,200.0
Human Factors Scientist,Good,Corporate,Consulting,Business Services,Medium Revenue,137,171,1001.0,5000.0
Business Intelligence Analyst I- Data Insights,Good,Corporate,Insurance Carriers,Insurance,High Revenue,137,171,5001.0,10000.0
Data Scientist,Good,Corporate,Advertising & Marketing,Business Services,Medium Revenue,137,171,51.0,200.0
Data Scientist,Excellent,Corporate,Computer Hardware & Software,Information Technology,Medium Revenue,137,171,51.0,200.0
Data Scientist - Risk,Excellent,Corporate,Investment Banking & Asset Management,Finance,Medium Revenue,137,171,51.0,200.0
Data Scientist-Human Resources,Good,Non-Profit,Aerospace & Defense,Aerospace & Defense,Unknown / Non-Applicable,137,171,1001.0,5000.0
Data Scientist,Excellent,Corporate,Federal Agencies,Government,Medium Revenue,137,171,51.0,200.0
Data Scientist,Fair,Corporate,Enterprise Software & Network Solutions,Information Technology,Unknown / Non-Applicable,137,171,51.0,200.0
Data Scientist,Good,Other,Consulting,Business Services,Medium Revenue,75,131,1001.0,5000.0
Data Scientist / Machine Learning Expert,Good,Corporate,Biotech & Pharmaceuticals,Biotech & Pharmaceuticals,High Revenue,75,131,1001.0,5000.0
Data Scientist,Excellent,Corporate,IT Services,Information Technology,Unknown / Non-Applicable,75,131,1.0,50.0
Senior Research Statistician- Data Scientist,Excellent,Corporate,Insurance Carriers,Insurance,High Revenue,75,131,1001.0,5000.0
Data Engineer,Good,Corporate,Enterprise Software & Network Solutions,Information Technology,Medium Revenue,75,131,201.0,500.0
Associate Data Scientist,Good,Corporate,Utilities,"Oil, Gas, Energy & Utilities",High Revenue,75,131,1001.0,5000.0
Business Intelligence Analyst,Fair,Corporate,Enterprise Software & Network Solutions,Information Technology,Medium Revenue,75,131,1001.0,5000.0
Data Scientist,Fair,Corporate,Health Care Services & Hospitals,Health Care,Unknown / Non-Applicable,75,131,501.0,1000.0
Data Scientist,Fair,Corporate,Enterprise Software & Network Solutions,Information Technology,Medium Revenue,75,131,1.0,50.0
Senior Analyst/Data Scientist,Good,Corporate,Internet,Information Technology,Medium Revenue,75,131,501.0,1000.0
Data Analyst,Good,Corporate,Investment Banking & Asset Management,Finance,Medium Revenue,75,131,501.0,1000.0
Machine Learning Engineer,Good,Corporate,Insurance Carriers,Insurance,High Revenue,75,131,501.0,1000.0
Data Analyst I,Fair,Corporate,Biotech & Pharmaceuticals,Biotech & Pharmaceuticals,Medium Revenue,75,131,1001.0,5000.0
Scientist - Molecular Biology,Excellent,Corporate,Biotech & Pharmaceuticals,Biotech & Pharmaceuticals,Unknown / Non-Applicable,75,131,51.0,200.0
Data Scientist,Excellent,Corporate,Enterprise Software & Network Solutions,Information Technology,Medium Revenue,75,131,51.0,200.0
"Computational Scientist, Machine Learning",Excellent,Corporate,Biotech & Pharmaceuticals,Biotech & Pharmaceuticals,High Revenue,75,131,51.0,200.0
Senior Data Scientist,Excellent,Corporate,Computer Hardware & Software,Information Technology,Unknown / Non-Applicable,75,131,201.0,500.0
Data Scientist,Good,Corporate,Investment Banking & Asset Management,Finance,Unknown / Non-Applicable,75,131,501.0,1000.0
Data Scientist,Good,Goverment,Federal Agencies,Government,Unknown / Non-Applicable,75,131,1001.0,5000.0
Data Scientist,Excellent,Corporate,Enterprise Software & Network Solutions,Information Technology,Unknown / Non-Applicable,75,131,201.0,500.0
Data Analyst,Excellent,Corporate,Advertising & Marketing,Business Services,Medium Revenue,75,131,1.0,50.0
Data Scientist,Good,Corporate,Biotech & Pharmaceuticals,Biotech & Pharmaceuticals,High Revenue,75,131,1.0,50.0
Data Scientist,Good,Corporate,Enterprise Software & Network Solutions,Information Technology,Unknown / Non-Applicable,75,131,501.0,1000.0
Jr. Data Engineer,Excellent,Corporate,IT Services,Information Technology,Medium Revenue,75,131,51.0,200.0
E-Commerce Data Analyst,Good,Corporate,Enterprise Software & Network Solutions,Information Technology,Unknown / Non-Applicable,75,131,51.0,200.0
Data Analytics Engineer,Good,Non-Profit,Health Care Services & Hospitals,Health Care,Medium Revenue,75,131,5001.0,10000.0
Senior Data Scientist,Good,Corporate,Biotech & Pharmaceuticals,Biotech & Pharmaceuticals,Medium Revenue,75,131,201.0,500.0
Product Data Scientist - Ads Data Science,Excellent,Corporate,Internet,Information Technology,High Revenue,75,131,1001.0,5000.0
Data Scientist,Good,Corporate,Express Delivery Services,Transportation & Logistics,Unknown / Non-Applicable,75,131,1001.0,5000.0
Data Scientist - Intermediate,Excellent,Corporate,Staffing & Outsourcing,Business Services,Medium Revenue,75,131,201.0,500.0
Data Analyst,Good,Corporate,Insurance Agencies & Brokerages,Insurance,High Revenue,75,131,201.0,500.0
Machine Learning Engineer,Excellent,Corporate,Aerospace & Defense,Aerospace & Defense,Medium Revenue,75,131,201.0,500.0
Data Scientist,Good,Corporate,Consumer Electronics & Appliances Stores,Retail,High Revenue,79,131,1001.0,5000.0
Data Scientist,Excellent,Corporate,Computer Hardware & Software,Information Technology,Unknown / Non-Applicable,79,131,51.0,200.0
Global Data Analyst,Good,Other,Consumer Products Manufacturing,Manufacturing,Medium Revenue,79,131,201.0,500.0
Data Engineer,Good,Corporate,Investment Banking & Asset Management,Finance,Medium Revenue,79,131,1001.0,5000.0
Data Scientist,Good,Corporate,Internet,Information Technology,Unknown / Non-Applicable,79,131,501.0,1000.0
Data Scientist,Good,Corporate,Enterprise Software & Network Solutions,Information Technology,Medium Revenue,79,131,1001.0,5000.0
Data & Machine Learning Scientist,Good,Corporate,Biotech & Pharmaceuticals,Biotech & Pharmaceuticals,Unknown / Non-Applicable,79,131,501.0,1000.0
Data Scientist - Machine Learning,Fair,Corporate,Biotech & Pharmaceuticals,Biotech & Pharmaceuticals,Unknown / Non-Applicable,79,131,1.0,50.0
Data Engineer (Remote),Excellent,Corporate,Advertising & Marketing,Business Services,Medium Revenue,79,131,51.0,200.0
"Data Scientist, Applied Machine Learning - Bay Area",Good,Corporate,Biotech & Pharmaceuticals,Biotech & Pharmaceuticals,Unknown / Non-Applicable,79,131,501.0,1000.0
Principal Data Scientist,Good,Corporate,Computer Hardware & Software,Information Technology,High Revenue,79,131,5001.0,10000.0
Business Data Analyst,Good,Corporate,Industrial Manufacturing,Manufacturing,High Revenue,79,131,5001.0,10000.0
Purification Scientist,Excellent,Corporate,Biotech & Pharmaceuticals,Biotech & Pharmaceuticals,Unknown / Non-Applicable,79,131,201.0,500.0
Data Analyst,Good,Other,Insurance Agencies & Brokerages,Insurance,Medium Revenue,79,131,1001.0,5000.0
"Data Engineer, Enterprise Analytics",Good,Non-Profit,Insurance Carriers,Insurance,Unknown / Non-Applicable,79,131,1001.0,5000.0
Data Scientist,Good,Corporate,Internet,Information Technology,Unknown / Non-Applicable,79,131,1001.0,5000.0
Data Scientist,Fair,Corporate,Insurance Carriers,Insurance,Unknown / Non-Applicable,79,131,201.0,500.0
Data Scientist 3 (718),Good,Corporate,Biotech & Pharmaceuticals,Biotech & Pharmaceuticals,Medium Revenue,79,131,201.0,500.0
"Real World Science, Data Scientist",Good,Corporate,Biotech & Pharmaceuticals,Biotech & Pharmaceuticals,High Revenue,79,131,201.0,500.0
Data Scientist,Good,Corporate,IT Services,Information Technology,Medium Revenue,79,131,51.0,200.0
Data Engineer,Excellent,Corporate,Consulting,Business Services,Medium Revenue,79,131,51.0,200.0
Data Scientist - Image and Video Analytics,Excellent,Corporate,Staffing & Outsourcing,Business Services,Unknown / Non-Applicable,79,131,1.0,50.0
Data Scientist,Excellent,Corporate,Computer Hardware & Software,Information Technology,Medium Revenue,79,131,51.0,200.0
"Data Science Manager, Payment Acceptance - USA",Good,Corporate,Internet,Information Technology,Unknown / Non-Applicable,79,131,1001.0,5000.0
Data Analyst,Fair,Non-Profit,Health Care Services & Hospitals,Health Care,Unknown / Non-Applicable,79,131,501.0,1000.0
Data Scientist / Applied Mathematician,Excellent,Corporate,Computer Hardware & Software,Information Technology,Medium Revenue,79,131,51.0,200.0
Machine Learning Engineer,Excellent,Corporate,Computer Hardware & Software,Information Technology,Unknown / Non-Applicable,79,131,201.0,500.0
Data Scientist,Good,Corporate,Food & Beverage Manufacturing,Manufacturing,High Revenue,79,131,201.0,500.0
Patient Safety- Associate Data Scientist,Good,Corporate,Biotech & Pharmaceuticals,Biotech & Pharmaceuticals,High Revenue,79,131,201.0,500.0
Machine Learning Engineer,Excellent,Corporate,IT Services,Information Technology,Medium Revenue,79,131,51.0,200.0
Senior Data Scientist,Excellent,Corporate,Research & Development,Business Services,High Revenue,79,131,5001.0,10000.0
(Sr.) Data Scientist -,Good,Corporate,Banks & Credit Unions,Finance,Unknown / Non-Applicable,79,131,201.0,500.0
Data Scientist,Good,Corporate,Consulting,Business Services,Medium Revenue,99,132,1001.0,5000.0
Staff Data Scientist - Analytics,Excellent,Corporate,Computer Hardware & Software,Information Technology,High Revenue,99,132,5001.0,10000.0
Data Analytics Engineer,Good,Corporate,Enterprise Software & Network Solutions,Information Technology,Medium Revenue,99,132,51.0,200.0
"Data Scientist, Kinship - NYC/Portland",Good,Corporate,Food & Beverage Manufacturing,Manufacturing,High Revenue,99,132,51.0,200.0
Senior Data Scientist,Good,Corporate,Advertising & Marketing,Business Services,Medium Revenue,99,132,51.0,200.0
Applied Technology Researcher / Data Scientist,Good,Other,Banks & Credit Unions,Finance,High Revenue,99,132,1001.0,5000.0
Data Scientist,Excellent,Corporate,Enterprise Software & Network Solutions,Information Technology,Medium Revenue,99,132,1.0,50.0
Machine Learning Engineer,Excellent,Corporate,Aerospace & Defense,Aerospace & Defense,Unknown / Non-Applicable,99,132,1.0,50.0
Health Data Scientist - Biomedical/Biostats,Excellent,Corporate,Internet,Information Technology,Unknown / Non-Applicable,99,132,51.0,200.0
Senior Data Scientist,Good,Corporate,Computer Hardware & Software,Information Technology,High Revenue,99,132,5001.0,10000.0
Staff Data Scientist,Excellent,Corporate,Computer Hardware & Software,Information Technology,High Revenue,99,132,5001.0,10000.0
Data Scientist,Good,Corporate,Aerospace & Defense,Aerospace & Defense,Medium Revenue,99,132,501.0,1000.0
Sr Data Engineer (Sr BI Developer),Good,Corporate,Health Care Services & Hospitals,Health Care,Unknown / Non-Applicable,99,132,501.0,1000.0
Data Engineer,Fair,Corporate,Biotech & Pharmaceuticals,Biotech & Pharmaceuticals,Medium Revenue,99,132,51.0,200.0
Lead Data Scientist,Excellent,Corporate,Computer Hardware & Software,Information Technology,Unknown / Non-Applicable,99,132,51.0,200.0
Data Scientist,Good,Corporate,Enterprise Software & Network Solutions,Information Technology,Medium Revenue,99,132,51.0,200.0
RFP Data Analyst,Good,Corporate,Investment Banking & Asset Management,Finance,High Revenue,99,132,1001.0,5000.0
Data Analyst,Excellent,Other,Video Games,Media,Unknown / Non-Applicable,99,132,51.0,200.0
Data Scientist (TS/SCI),Good,Corporate,Aerospace & Defense,Aerospace & Defense,High Revenue,99,132,5001.0,10000.0
Data Engineer,Excellent,Corporate,Computer Hardware & Software,Information Technology,Unknown / Non-Applicable,99,132,1.0,50.0
Data Scientist,Good,Non-Profit,Consulting,Business Services,Medium Revenue,99,132,1001.0,5000.0
Data Scientist,Good,Corporate,Health Care Services & Hospitals,Health Care,Unknown / Non-Applicable,99,132,1.0,50.0
Software Engineer - Data Science,Good,Corporate,Computer Hardware & Software,Information Technology,Medium Revenue,99,132,51.0,200.0
Data Analyst/Engineer,Good,Corporate,Investment Banking & Asset Management,Finance,High Revenue,99,132,1001.0,5000.0
NGS Scientist,Excellent,Corporate,Biotech & Pharmaceuticals,Biotech & Pharmaceuticals,Unknown / Non-Applicable,99,132,51.0,200.0
Data Engineer,Excellent,Corporate,Health Care Services & Hospitals,Health Care,Medium Revenue,99,132,201.0,500.0
Data Scientist,Excellent,Corporate,Consulting,Business Services,Unknown / Non-Applicable,99,132,51.0,200.0
Senior Data Engineer,Excellent,Corporate,Internet,Information Technology,Unknown / Non-Applicable,99,132,51.0,200.0
Senior Data Scientist,Excellent,Corporate,Enterprise Software & Network Solutions,Information Technology,Medium Revenue,99,132,501.0,1000.0
Data Engineer,Excellent,Corporate,Advertising & Marketing,Business Services,Medium Revenue,99,132,51.0,200.0
Business Intelligence Analyst,Good,Corporate,Shipping,Transportation & Logistics,Unknown / Non-Applicable,99,132,51.0,200.0
Sr. ML/Data Scientist - AI/NLP/Chatbot,Good,Corporate,Telecommunications Services,Telecommunications,High Revenue,99,132,5001.0,10000.0
Data Scientist,Excellent,Corporate,IT Services,Information Technology,Unknown / Non-Applicable,90,109,51.0,200.0
Data Scientist,Good,Corporate,Enterprise Software & Network Solutions,Information Technology,Unknown / Non-Applicable,90,109,51.0,200.0
Data Engineer,Excellent,Corporate,Advertising & Marketing,Business Services,Medium Revenue,90,109,51.0,200.0
Sr. ML/Data Scientist - AI/NLP/Chatbot,Good,Corporate,Telecommunications Services,Telecommunications,High Revenue,90,109,5001.0,10000.0
Data Scientist,Excellent,Corporate,Enterprise Software & Network Solutions,Information Technology,Unknown / Non-Applicable,90,109,1.0,50.0
Senior Data Engineer,Excellent,Corporate,Lending,Finance,Medium Revenue,90,109,201.0,500.0
Data Engineer,Excellent,Corporate,Advertising & Marketing,Business Services,Medium Revenue,90,109,51.0,200.0
Data Scientist,Good,Corporate,Computer Hardware & Software,Information Technology,Medium Revenue,90,109,1001.0,5000.0
Machine Learning Engineer,Good,Corporate,Computer Hardware & Software,Information Technology,Unknown / Non-Applicable,90,109,51.0,200.0
Machine Learning Engineer,Good,Corporate,Computer Hardware & Software,Information Technology,Unknown / Non-Applicable,90,109,51.0,200.0
Senior Data Engineer,Excellent,Corporate,Lending,Finance,Medium Revenue,90,109,201.0,500.0
Data Scientist,Excellent,Corporate,Lending,Finance,Unknown / Non-Applicable,90,109,201.0,500.0
Data Analyst,Excellent,Corporate,Staffing & Outsourcing,Business Services,Medium Revenue,90,109,201.0,500.0
Data Engineer,Excellent,Corporate,Video Games,Media,Unknown / Non-Applicable,90,109,201.0,500.0
Data Integration and Modeling Engineer,Good,Non-Profit,Utilities,"Oil, Gas, Energy & Utilities",Unknown / Non-Applicable,90,109,501.0,1000.0
Tableau Data Engineer 20-0117,Good,Corporate,Enterprise Software & Network Solutions,Information Technology,Unknown / Non-Applicable,90,109,1001.0,5000.0
Senior Data Scientist,Good,Corporate,Electrical & Electronic Manufacturing,Manufacturing,Medium Revenue,90,109,51.0,200.0
AI Data Scientist,Good,Non-Profit,Federal Agencies,Government,High Revenue,90,109,5001.0,10000.0
Machine Learning Engineer,Excellent,Corporate,Aerospace & Defense,Aerospace & Defense,Medium Revenue,90,109,1.0,50.0
Research Scientist Patient Preferences (Remote),Good,Other,Biotech & Pharmaceuticals,Biotech & Pharmaceuticals,Medium Revenue,90,109,501.0,1000.0
Data Scientist,Good,Corporate,Insurance Carriers,Insurance,Medium Revenue,90,109,1001.0,5000.0
Scientist - Biomarker and Flow Cytometry,Fair,Corporate,Biotech & Pharmaceuticals,Biotech & Pharmaceuticals,Medium Revenue,90,109,501.0,1000.0
Data Scientist,Fair,Corporate,Biotech & Pharmaceuticals,Biotech & Pharmaceuticals,Medium Revenue,90,109,51.0,200.0
Analytics Manager,Excellent,Corporate,Advertising & Marketing,Business Services,Unknown / Non-Applicable,90,109,201.0,500.0
Data Scientist,Fair,Other,"Cable, Internet & Telephone Providers",Telecommunications,High Revenue,90,109,201.0,500.0
Staff Scientist- Upstream PD,Fair,Corporate,Biotech & Pharmaceuticals,Biotech & Pharmaceuticals,Medium Revenue,90,109,201.0,500.0
Data Engineer,Excellent,Corporate,Computer Hardware & Software,Information Technology,Unknown / Non-Applicable,90,109,1001.0,5000.0
Sr Scientist - Extractables & Leachables,Good,Corporate,Biotech & Pharmaceuticals,Biotech & Pharmaceuticals,Medium Revenue,90,109,201.0,500.0
ELISA RESEARCH SCIENTIST (CV-15),Very Poor,Other,Biotech & Pharmaceuticals,Biotech & Pharmaceuticals,Medium Revenue,90,109,201.0,500.0
Sr Data Scientist,Excellent,Corporate,Biotech & Pharmaceuticals,Biotech & Pharmaceuticals,High Revenue,90,109,201.0,500.0
Data Scientist,Excellent,Corporate,Enterprise Software & Network Solutions,Information Technology,Medium Revenue,101,165,501.0,1000.0
Experienced Data Scientist,Excellent,Corporate,Federal Agencies,Government,Unknown / Non-Applicable,101,165,1.0,50.0
Machine Learning Engineer,Very Poor,Other,Aerospace & Defense,Aerospace & Defense,Medium Revenue,101,165,1.0,50.0
Data Scientist,Good,Corporate,Aerospace & Defense,Aerospace & Defense,High Revenue,101,165,1.0,50.0
Data Scientist,Excellent,Corporate,Computer Hardware & Software,Information Technology,Medium Revenue,101,165,201.0,500.0
Say Business Data Analyst,Excellent,Corporate,Insurance Carriers,Insurance,High Revenue,101,165,1001.0,5000.0
Geospatial Data Scientist,Good,Corporate,Aerospace & Defense,Aerospace & Defense,High Revenue,101,165,5001.0,10000.0
Data Analyst,Fair,Non-Profit,Telecommunications Services,Telecommunications,Medium Revenue,101,165,501.0,1000.0
Computational Scientist,Good,Other,IT Services,Information Technology,High Revenue,101,165,501.0,1000.0
Data Scientist,Excellent,Corporate,Real Estate,Real Estate,Unknown / Non-Applicable,101,165,201.0,500.0
Senior Data Analyst,Good,Corporate,Computer Hardware & Software,Information Technology,High Revenue,101,165,5001.0,10000.0
Senior Data Analyst,Excellent,Corporate,Research & Development,Business Services,High Revenue,101,165,5001.0,10000.0
Data Engineer,Good,Corporate,Biotech & Pharmaceuticals,Biotech & Pharmaceuticals,High Revenue,101,165,5001.0,10000.0
Sr Data Analyst,Fair,Other,Biotech & Pharmaceuticals,Biotech & Pharmaceuticals,Medium Revenue,101,165,1001.0,5000.0
Data Scientist,Good,Corporate,Staffing & Outsourcing,Business Services,High Revenue,101,165,5001.0,10000.0
"Machine Learning Scientist - Bay Area, CA",Good,Corporate,Biotech & Pharmaceuticals,Biotech & Pharmaceuticals,Unknown / Non-Applicable,101,165,501.0,1000.0
Data Scientist,Excellent,Corporate,Enterprise Software & Network Solutions,Information Technology,Medium Revenue,101,165,201.0,500.0
Senior Data Scientist - Algorithms,Good,Corporate,Enterprise Software & Network Solutions,Information Technology,Unknown / Non-Applicable,101,165,201.0,500.0
Data Analyst,Good,Other,Banks & Credit Unions,Finance,High Revenue,101,165,1001.0,5000.0
Senior Data & Machine Learning Scientist,Good,Corporate,Biotech & Pharmaceuticals,Biotech & Pharmaceuticals,Unknown / Non-Applicable,101,165,501.0,1000.0
Data Engineer,Excellent,Corporate,Venture Capital & Private Equity,Finance,Medium Revenue,101,165,201.0,500.0
"Data Scientist - Statistics, Early Career",Good,Goverment,Energy,"Oil, Gas, Energy & Utilities",High Revenue,56,97,1001.0,5000.0
Data Scientist,Good,Corporate,Chemical Manufacturing,Manufacturing,High Revenue,56,97,1001.0,5000.0
Machine Learning Engineer,Good,Non-Profit,Federal Agencies,Government,Medium Revenue,56,97,501.0,1000.0
Research Scientist - Patient-Centered Research (Remote),Good,Other,Biotech & Pharmaceuticals,Biotech & Pharmaceuticals,Medium Revenue,56,97,501.0,1000.0
Jr. Business Data Analyst (position added 6/12/2020),Excellent,Corporate,Advertising & Marketing,Business Services,Medium Revenue,56,97,201.0,500.0
Sr. Data Scientist II,Good,Corporate,Insurance Carriers,Insurance,High Revenue,56,97,1001.0,5000.0
Data Scientist,Good,Corporate,Aerospace & Defense,Aerospace & Defense,High Revenue,56,97,5001.0,10000.0
Senior Data Analyst,Good,Corporate,Internet,Information Technology,Unknown / Non-Applicable,56,97,51.0,200.0
Lead Data Scientist,Good,Corporate,Insurance Carriers,Insurance,High Revenue,56,97,5001.0,10000.0
Production Engineer - Statistics/Data Analysis,Good,Corporate,Biotech & Pharmaceuticals,Biotech & Pharmaceuticals,Medium Revenue,56,97,501.0,1000.0
Statistical Scientist,Good,Other,Biotech & Pharmaceuticals,Biotech & Pharmaceuticals,High Revenue,56,97,501.0,1000.0
Computational Behavioral Scientist,Excellent,Corporate,IT Services,Information Technology,Medium Revenue,56,97,201.0,500.0
Principal Data Scientist - Machine Learning,Good,Other,Advertising & Marketing,Business Services,Unknown / Non-Applicable,56,97,201.0,500.0
Principal Machine Learning Scientist,Excellent,Other,Computer Hardware & Software,Information Technology,Unknown / Non-Applicable,56,97,501.0,1000.0
Data Engineer,Excellent,Corporate,IT Services,Information Technology,Unknown / Non-Applicable,56,97,51.0,200.0
Principal Data Scientist,Good,Corporate,Biotech & Pharmaceuticals,Biotech & Pharmaceuticals,High Revenue,56,97,51.0,200.0
Data Scientist,Excellent,Corporate,Biotech & Pharmaceuticals,Biotech & Pharmaceuticals,Unknown / Non-Applicable,56,97,51.0,200.0
Senior Data Scientist - R&D Oncology,Good,Corporate,Biotech & Pharmaceuticals,Biotech & Pharmaceuticals,High Revenue,56,97,51.0,200.0
Data Scientist,Excellent,Corporate,Health Care Services & Hospitals,Health Care,Unknown / Non-Applicable,56,97,51.0,200.0
"Health Plan Data Analyst, Sr",Good,Non-Profit,Health Care Services & Hospitals,Health Care,Medium Revenue,56,97,5001.0,10000.0
"Principal Scientist/Associate Director, Quality Control and Analytical Technologies",Good,Corporate,Biotech & Pharmaceuticals,Biotech & Pharmaceuticals,Medium Revenue,56,97,201.0,500.0
Analytics - Business Assurance Data Analyst,Excellent,Corporate,Lending,Finance,Medium Revenue,56,97,501.0,1000.0
Data Scientist - Contract,Excellent,Corporate,Internet,Information Technology,Unknown / Non-Applicable,79,106,51.0,200.0
Data Scientist,Good,Corporate,Advertising & Marketing,Business Services,Medium Revenue,79,106,51.0,200.0
Data Scientist,Excellent,Corporate,Consulting,Business Services,Medium Revenue,79,106,51.0,200.0
Machine Learning Engineer,Good,Corporate,Aerospace & Defense,Aerospace & Defense,Medium Revenue,79,106,501.0,1000.0
Data Engineer,Excellent,Corporate,Computer Hardware & Software,Information Technology,Medium Revenue,79,106,51.0,200.0
"Senior Data Scientist – Image Analytics, Novartis AI Innovation Lab",Good,Corporate,Biotech & Pharmaceuticals,Biotech & Pharmaceuticals,High Revenue,79,106,51.0,200.0
Data Engineer,Good,Corporate,Research & Development,Business Services,High Revenue,79,106,1001.0,5000.0
Data Science Instructor,Excellent,Corporate,Enterprise Software & Network Solutions,Information Technology,Medium Revenue,79,106,501.0,1000.0
Senior Business Intelligence Analyst,Good,Corporate,Miscellaneous Manufacturing,Manufacturing,Medium Revenue,79,106,1001.0,5000.0
In-Line Inspection Data Analyst,Fair,Corporate,Oil & Gas Services,"Oil, Gas, Energy & Utilities",Medium Revenue,79,106,201.0,500.0
Data Scientist - TS/SCI FSP or CI Required,Excellent,Corporate,IT Services,Information Technology,Medium Revenue,79,106,1.0,50.0
Data Scientist,Good,Other,Staffing & Outsourcing,Business Services,Medium Revenue,79,106,201.0,500.0
Senior Data Scientist,Good,Corporate,Aerospace & Defense,Aerospace & Defense,High Revenue,79,106,5001.0,10000.0
Data Scientist - TS/SCI Required,Excellent,Corporate,IT Services,Information Technology,Medium Revenue,79,106,1.0,50.0
Data Science Software Engineer,Excellent,Corporate,Computer Hardware & Software,Information Technology,Unknown / Non-Applicable,79,106,201.0,500.0
ENGINEER - COMPUTER SCIENTIST - RESEARCH COMPUTER SCIENTIST - SIGNAL PROCESSING - SAN ANTONIO OR,Good,Non-Profit,Research & Development,Business Services,High Revenue,79,106,1001.0,5000.0
AI Ops Data Scientist,Good,Corporate,Biotech & Pharmaceuticals,Biotech & Pharmaceuticals,High Revenue,79,106,1001.0,5000.0
"Intelligence Data Analyst, Senior",Excellent,Corporate,IT Services,Information Technology,Medium Revenue,79,106,501.0,1000.0
Analytics Manager - Data Mart,Good,Non-Profit,Health Care Services & Hospitals,Health Care,High Revenue,79,106,501.0,1000.0
Data Modeler (Analytical Systems),Good,Corporate,Insurance Carriers,Insurance,High Revenue,79,106,5001.0,10000.0
"Senior Machine Learning Scientist - Bay Area, CA",Good,Corporate,Biotech & Pharmaceuticals,Biotech & Pharmaceuticals,Unknown / Non-Applicable,79,106,501.0,1000.0
Report Writer-Data Analyst,Good,Corporate,Lending,Finance,Unknown / Non-Applicable,79,106,1001.0,5000.0
Data Scientist/Machine Learning,Excellent,Corporate,Internet,Information Technology,Medium Revenue,71,123,51.0,200.0
Data Scientist - Risk,Excellent,Corporate,Investment Banking & Asset Management,Finance,Medium Revenue,71,123,51.0,200.0
Data Engineer,Excellent,Corporate,Venture Capital & Private Equity,Finance,Medium Revenue,71,123,201.0,500.0
Staff Data Scientist - Pricing,Good,Corporate,Real Estate,Real Estate,High Revenue,71,123,501.0,1000.0
Data Scientist,Excellent,Corporate,IT Services,Information Technology,Medium Revenue,71,123,51.0,200.0
Data Scientist,Fair,Corporate,IT Services,Information Technology,Medium Revenue,71,123,1001.0,5000.0
Data Scientist,Excellent,Corporate,Transportation Equipment Manufacturing,Manufacturing,Unknown / Non-Applicable,71,123,51.0,200.0
Machine Learning Engineer,Good,Non-Profit,Federal Agencies,Government,Medium Revenue,71,123,501.0,1000.0
Equity Data Insights Analyst - Quantitative Analyst,Good,Corporate,Investment Banking & Asset Management,Finance,High Revenue,71,123,5001.0,10000.0
Data Scientist,Very Poor,Corporate,IT Services,Information Technology,Medium Revenue,71,123,1.0,50.0
Research Scientist - Patient-Centered Research (Remote),Good,Other,Biotech & Pharmaceuticals,Biotech & Pharmaceuticals,Medium Revenue,71,123,501.0,1000.0
Data Scientist,Good,Corporate,Aerospace & Defense,Aerospace & Defense,High Revenue,71,123,5001.0,10000.0
Operations Data Analyst,Good,Corporate,Insurance Carriers,Insurance,Unknown / Non-Applicable,71,123,1001.0,5000.0
Sr. Data Scientist II,Good,Corporate,Insurance Carriers,Insurance,High Revenue,71,123,1001.0,5000.0
Data Scientist,Good,Corporate,Telecommunications Manufacturing,Telecommunications,High Revenue,71,123,1001.0,5000.0
Data Scientist,Excellent,Corporate,Computer Hardware & Software,Information Technology,Medium Revenue,71,123,1.0,50.0
Data Scientist,Good,Corporate,Internet,Information Technology,High Revenue,71,123,1.0,50.0
Senior Data Analyst,Good,Corporate,Internet,Information Technology,Unknown / Non-Applicable,71,123,51.0,200.0
Data Scientist,Good,Corporate,Consulting,Business Services,Unknown / Non-Applicable,71,123,1.0,50.0
Data Scientist,Excellent,Corporate,Computer Hardware & Software,Information Technology,Medium Revenue,90,124,51.0,200.0
Senior Research Statistician- Data Scientist,Excellent,Corporate,Insurance Carriers,Insurance,High Revenue,90,124,1001.0,5000.0
Software Data Engineer,Good,Corporate,Computer Hardware & Software,Information Technology,Medium Revenue,90,124,201.0,500.0
Data Scientist,Good,Corporate,Enterprise Software & Network Solutions,Information Technology,Medium Revenue,90,124,201.0,500.0
Real World Evidence (RWE) Scientist,Excellent,Corporate,Biotech & Pharmaceuticals,Biotech & Pharmaceuticals,Unknown / Non-Applicable,90,124,1.0,50.0
Data Scientist,Good,Corporate,Biotech & Pharmaceuticals,Biotech & Pharmaceuticals,High Revenue,90,124,1.0,50.0
Data Scientist,Good,Corporate,Transportation Management,Transportation & Logistics,High Revenue,90,124,1.0,50.0
Data Scientist,Good,Corporate,Insurance Carriers,Insurance,Medium Revenue,90,124,51.0,200.0
Data Scientist,Excellent,Corporate,Aerospace & Defense,Aerospace & Defense,Medium Revenue,90,124,1.0,50.0
Computer Scientist 1,Excellent,Corporate,Aerospace & Defense,Aerospace & Defense,Medium Revenue,90,124,201.0,500.0
Lead Data Scientist,Good,Corporate,Insurance Carriers,Insurance,High Revenue,90,124,5001.0,10000.0
Data Scientist,Good,Corporate,Industrial Manufacturing,Manufacturing,Unknown / Non-Applicable,90,124,1.0,50.0
Data Scientist,Good,Corporate,Industrial Manufacturing,Manufacturing,High Revenue,90,124,1.0,50.0
Data Scientist,Excellent,Corporate,Consulting,Business Services,Unknown / Non-Applicable,90,124,1001.0,5000.0
Data Scientist,Good,Corporate,News Outlet,Media,Medium Revenue,90,124,201.0,500.0
Data Scientist,Good,Corporate,IT Services,Information Technology,Unknown / Non-Applicable,90,124,201.0,500.0
Environmental Data Science,Good,Non-Profit,Research & Development,Business Services,High Revenue,90,124,201.0,500.0
Computational Behavioral Scientist,Excellent,Corporate,IT Services,Information Technology,Medium Revenue,90,124,201.0,500.0
Data Scientist,Excellent,Other,Advertising & Marketing,Business Services,Unknown / Non-Applicable,90,124,201.0,500.0
Staff BI and Data Engineer,Fair,Corporate,Advertising & Marketing,Business Services,Unknown / Non-Applicable,90,124,51.0,200.0
Principal Machine Learning Scientist,Excellent,Other,Computer Hardware & Software,Information Technology,Unknown / Non-Applicable,90,124,501.0,1000.0
Principal Data Scientist - Machine Learning,Good,Other,Advertising & Marketing,Business Services,Unknown / Non-Applicable,90,124,501.0,1000.0
Data Scientist-Human Resources,Good,Non-Profit,Aerospace & Defense,Aerospace & Defense,Unknown / Non-Applicable,91,150,1001.0,5000.0
Associate Data Scientist,Good,Corporate,Utilities,"Oil, Gas, Energy & Utilities",High Revenue,91,150,1001.0,5000.0
"Data Scientist - Statistics, Mid-Career",Good,Goverment,Energy,"Oil, Gas, Energy & Utilities",High Revenue,91,150,1001.0,5000.0
Director of Data Science,Good,Other,Consulting,Business Services,Medium Revenue,91,150,1001.0,5000.0
Data Scientist,Good,Non-Profit,Biotech & Pharmaceuticals,Biotech & Pharmaceuticals,Medium Revenue,91,150,1001.0,5000.0
Data Scientist,Excellent,Corporate,IT Services,Information Technology,Medium Revenue,91,150,201.0,500.0
Data Scientist,Good,Corporate,Internet,Information Technology,High Revenue,91,150,201.0,500.0
"Data Engineer, Digital & Comp Pathology",Excellent,Corporate,Enterprise Software & Network Solutions,Information Technology,Unknown / Non-Applicable,91,150,1.0,50.0
Data Engineer,Excellent,Corporate,IT Services,Information Technology,Unknown / Non-Applicable,91,150,51.0,200.0
"Manager / Lead, Data Science & Analytics",Excellent,Corporate,Biotech & Pharmaceuticals,Biotech & Pharmaceuticals,Medium Revenue,91,150,1001.0,5000.0
Data Scientist,Good,Corporate,IT Services,Information Technology,High Revenue,91,150,1001.0,5000.0
Data Scientist,Good,Corporate,IT Services,Information Technology,Medium Revenue,91,150,51.0,200.0
Data Scientist,Excellent,Corporate,Federal Agencies,Government,Unknown / Non-Applicable,91,150,51.0,200.0
Data Scientist,Excellent,Goverment,Federal Agencies,Government,High Revenue,91,150,1001.0,5000.0
Diversity and Inclusion Data Analyst,Good,Corporate,Banks & Credit Unions,Finance,High Revenue,91,150,201.0,500.0
Data Scientist,Good,Corporate,Architectural & Engineering Services,Business Services,High Revenue,91,150,201.0,500.0
Data Scientist,Excellent,Corporate,Computer Hardware & Software,Information Technology,Unknown / Non-Applicable,91,150,201.0,500.0
Data Scientist,Good,Corporate,Consulting,Business Services,High Revenue,91,150,201.0,500.0
Data Scientist,Good,Corporate,Real Estate,Real Estate,Medium Revenue,91,150,1001.0,5000.0
Data Scientist,Excellent,Corporate,Staffing & Outsourcing,Business Services,Medium Revenue,91,150,51.0,200.0
Data Scientist,Very Poor,Corporate,Internet,Information Technology,Unknown / Non-Applicable,91,150,51.0,200.0
Senior Analyst/Data Scientist,Good,Corporate,Internet,Information Technology,Medium Revenue,141,225,501.0,1000.0
Data Scientist,Excellent,Corporate,IT Services,Information Technology,Unknown / Non-Applicable,141,225,1.0,50.0
Data Scientist,Very Poor,Corporate,Biotech & Pharmaceuticals,Biotech & Pharmaceuticals,Unknown / Non-Applicable,141,225,1.0,50.0
Senior Data Scientist - R&D Oncology,Good,Corporate,Biotech & Pharmaceuticals,Biotech & Pharmaceuticals,High Revenue,141,225,1.0,50.0
Data Scientist,Excellent,Corporate,Transportation Equipment Manufacturing,Manufacturing,High Revenue,141,225,1.0,50.0
Data Scientist,Excellent,Corporate,Architectural & Engineering Services,Business Services,Unknown / Non-Applicable,141,225,51.0,200.0
Data Scientist,Good,Corporate,Architectural & Engineering Services,Business Services,Medium Revenue,141,225,51.0,200.0
Data Scientist,Very Poor,Corporate,Staffing & Outsourcing,Business Services,Unknown / Non-Applicable,141,225,51.0,200.0
Data Scientist,Excellent,Corporate,Staffing & Outsourcing,Business Services,Medium Revenue,141,225,201.0,500.0
Data Scientist Machine Learning,Good,Corporate,Aerospace & Defense,Aerospace & Defense,High Revenue,141,225,201.0,500.0
Data Scientist,Good,Corporate,Video Games,Media,High Revenue,141,225,1001.0,5000.0
Data Scientist,Good,Corporate,Food & Beverage Stores,Retail,Medium Revenue,141,225,501.0,1000.0
Data Scientist,Excellent,Other,Health Care Services & Hospitals,Health Care,Unknown / Non-Applicable,141,225,501.0,1000.0
Data Scientist,Good,Corporate,Other Retail Stores,Retail,Unknown / Non-Applicable,141,225,1.0,50.0
Data Analyst,Excellent,Corporate,IT Services,Information Technology,Unknown / Non-Applicable,141,225,1.0,50.0
Data Scientist,Good,Corporate,"Hotels, Motels, & Resorts",Travel & Tourism,Unknown / Non-Applicable,141,225,1001.0,5000.0
Data Scientist,Good,Corporate,Electrical & Electronic Manufacturing,Manufacturing,High Revenue,141,225,1001.0,5000.0
Data Scientist,Good,Goverment,State & Regional Agencies,Government,High Revenue,141,225,1001.0,5000.0
Data Scientist,Good,Corporate,Computer Hardware & Software,Information Technology,Medium Revenue,141,225,501.0,1000.0
Data Scientist,Good,Corporate,Other Retail Stores,Retail,Medium Revenue,141,225,501.0,1000.0
Data Scientist,Good,Corporate,Computer Hardware & Software,Information Technology,Unknown / Non-Applicable,145,225,51.0,200.0
Data Scientist,Excellent,Corporate,Federal Agencies,Government,Medium Revenue,145,225,51.0,200.0
Chief Scientist,Good,Corporate,Enterprise Software & Network Solutions,Information Technology,Unknown / Non-Applicable,145,225,51.0,200.0
Data Scientist,Good,Corporate,IT Services,Information Technology,Medium Revenue,145,225,201.0,500.0
Data Scientist,Good,Corporate,IT Services,Information Technology,Medium Revenue,145,225,1.0,50.0
Data Scientist,Excellent,Corporate,Aerospace & Defense,Aerospace & Defense,Unknown / Non-Applicable,145,225,1.0,50.0
Data Scientist,Good,Corporate,Aerospace & Defense,Aerospace & Defense,High Revenue,145,225,5001.0,10000.0
Data Scientist,Excellent,Corporate,IT Services,Information Technology,Unknown / Non-Applicable,145,225,51.0,200.0
"Health Plan Data Analyst, Sr",Good,Non-Profit,Health Care Services & Hospitals,Health Care,Medium Revenue,145,225,5001.0,10000.0
"Principal Scientist/Associate Director, Quality Control and Analytical Technologies",Good,Corporate,Biotech & Pharmaceuticals,Biotech & Pharmaceuticals,Medium Revenue,145,225,201.0,500.0
Data Scientist,Good,Corporate,Financial Transaction Processing,Finance,Medium Revenue,145,225,201.0,500.0
Senior Data Scientist,Good,Corporate,Insurance Carriers,Insurance,Unknown / Non-Applicable,145,225,201.0,500.0
Data Scientist,Good,Corporate,Internet,Information Technology,High Revenue,145,225,1001.0,5000.0
Data Scientist,Good,Corporate,Staffing & Outsourcing,Business Services,Medium Revenue,145,225,51.0,200.0
Data Scientist,Good,Corporate,Staffing & Outsourcing,Business Services,Medium Revenue,145,225,51.0,200.0
Analytics - Business Assurance Data Analyst,Excellent,Corporate,Lending,Finance,Medium Revenue,145,225,501.0,1000.0
Data Scientist,Very Poor,Corporate,Consulting,Business Services,Medium Revenue,145,225,1.0,50.0
Data Scientist,Excellent,Corporate,Consulting,Business Services,Medium Revenue,145,225,51.0,200.0
"Development Scientist, Voltaren",Good,Corporate,Biotech & Pharmaceuticals,Biotech & Pharmaceuticals,High Revenue,145,225,51.0,200.0
Data Scientist,Very Poor,Corporate,Federal Agencies,Government,Unknown / Non-Applicable,145,225,1.0,50.0
Data Scientist,Good,Goverment,Federal Agencies,Government,Unknown / Non-Applicable,79,147,1001.0,5000.0
Data Scientist,Good,Corporate,Investment Banking & Asset Management,Finance,Unknown / Non-Applicable,79,147,501.0,1000.0
Data Engineer,Excellent,Corporate,Computer Hardware & Software,Information Technology,Medium Revenue,79,147,51.0,200.0
Data Scientist,Good,Corporate,IT Services,Information Technology,Medium Revenue,79,147,1001.0,5000.0
Data Scientist,Good,Corporate,Staffing & Outsourcing,Business Services,Medium Revenue,79,147,201.0,500.0
Data Scientist,Good,Corporate,Computer Hardware & Software,Information Technology,Medium Revenue,79,147,51.0,200.0
Data Scientist,Very Poor,Corporate,IT Services,Information Technology,Unknown / Non-Applicable,79,147,51.0,200.0
Machine Learning Engineer,Good,Corporate,Aerospace & Defense,Aerospace & Defense,Medium Revenue,79,147,501.0,1000.0
Principal Data & Analytics Platform Engineer,Good,Corporate,Insurance Carriers,Insurance,High Revenue,79,147,1001.0,5000.0
Machine Learning Engineer/Scientist,Excellent,Corporate,Investment Banking & Asset Management,Finance,Unknown / Non-Applicable,79,147,501.0,1000.0
Data Scientist,Excellent,Corporate,Computer Hardware & Software,Information Technology,Medium Revenue,79,147,1.0,50.0
"Senior Data Scientist – Image Analytics, Novartis AI Innovation Lab",Good,Corporate,Biotech & Pharmaceuticals,Biotech & Pharmaceuticals,High Revenue,79,147,1.0,50.0
Data Scientist,Good,Corporate,Timber Operations,Agriculture & Forestry,Unknown / Non-Applicable,79,147,501.0,1000.0
Data Scientist,Good,Other,Timber Operations,Agriculture & Forestry,High Revenue,79,147,501.0,1000.0
Data Scientist,Excellent,Corporate,Aerospace & Defense,Aerospace & Defense,Medium Revenue,79,147,501.0,1000.0
Data Scientist,Very Poor,Corporate,Colleges & Universities,Education,Medium Revenue,79,147,1.0,50.0
Machine Learning Engineer,Fair,Other,Colleges & Universities,Education,Unknown / Non-Applicable,79,147,501.0,1000.0
Data Analyst - Unilever Prestige,Good,Other,Consumer Products Manufacturing,Manufacturing,Medium Revenue,79,147,201.0,500.0
Data Scientist,Excellent,Corporate,IT Services,Information Technology,Unknown / Non-Applicable,79,147,1.0,50.0
"VP, Data Science",Good,Corporate,Research & Development,Business Services,Unknown / Non-Applicable,79,147,51.0,200.0
Data Scientist,Good,Corporate,Enterprise Software & Network Solutions,Information Technology,Unknown / Non-Applicable,122,146,501.0,1000.0
Data Scientist,Excellent,Corporate,Enterprise Software & Network Solutions,Information Technology,Medium Revenue,122,146,51.0,200.0
Senior Business Intelligence Analyst,Good,Corporate,Miscellaneous Manufacturing,Manufacturing,Medium Revenue,122,146,1001.0,5000.0
Data Scientist,Fair,Corporate,Insurance Agencies & Brokerages,Insurance,High Revenue,122,146,1001.0,5000.0
Data Engineer - Kafka,Good,Corporate,Computer Hardware & Software,Information Technology,High Revenue,122,146,1001.0,5000.0
Data Scientist,Fair,Corporate,Staffing & Outsourcing,Business Services,Medium Revenue,122,146,1.0,50.0
Data Scientist,Excellent,Corporate,Staffing & Outsourcing,Business Services,Unknown / Non-Applicable,122,146,1.0,50.0
Data Scientist,Excellent,Other,Computer Hardware & Software,Information Technology,Medium Revenue,122,146,201.0,500.0
Data Scientist,Very Poor,Other,Aerospace & Defense,Aerospace & Defense,Medium Revenue,122,146,201.0,500.0
Decision Scientist,Excellent,Non-Profit,Aerospace & Defense,Aerospace & Defense,High Revenue,122,146,5001.0,10000.0
Data Scientist,Excellent,Corporate,Enterprise Software & Network Solutions,Information Technology,Unknown / Non-Applicable,122,146,1.0,50.0
Data Science All Star Program - Data Engineer Track,Excellent,Corporate,Consulting,Business Services,Unknown / Non-Applicable,122,146,51.0,200.0
Data Scientist - TS/SCI FSP or CI Required,Excellent,Corporate,IT Services,Information Technology,Medium Revenue,122,146,1.0,50.0
Data Analyst,Good,Corporate,Consulting,Business Services,Medium Revenue,122,146,51.0,200.0
Data Scientist,Very Poor,Other,Aerospace & Defense,Aerospace & Defense,Medium Revenue,122,146,51.0,200.0
Data Scientist,Very Poor,Other,Aerospace & Defense,Aerospace & Defense,Medium Revenue,122,146,51.0,200.0
Data Scientist,Very Poor,Other,Aerospace & Defense,Aerospace & Defense,Medium Revenue,122,146,51.0,200.0
Data Scientist,Very Poor,Other,Aerospace & Defense,Aerospace & Defense,Medium Revenue,122,146,51.0,200.0
Data Scientist,Very Poor,Other,Aerospace & Defense,Aerospace & Defense,Medium Revenue,122,146,51.0,200.0
Data Scientist,Very Poor,Other,Aerospace & Defense,Aerospace & Defense,Medium Revenue,122,146,51.0,200.0
Senior Data Scientist,Good,Corporate,Aerospace & Defense,Aerospace & Defense,High Revenue,122,146,5001.0,10000.0
Data Scientist,Excellent,Corporate,Enterprise Software & Network Solutions,Information Technology,Unknown / Non-Applicable,112,116,201.0,500.0
Data Scientist,Good,Corporate,Biotech & Pharmaceuticals,Biotech & Pharmaceuticals,High Revenue,112,116,201.0,500.0
Data Scientist,Good,Corporate,Aerospace & Defense,Aerospace & Defense,High Revenue,112,116,5001.0,10000.0
ENGINEER - COMPUTER SCIENTIST - RESEARCH COMPUTER SCIENTIST - SIGNAL PROCESSING - SAN ANTONIO OR,Good,Non-Profit,Research & Development,Business Services,High Revenue,112,116,1001.0,5000.0
Data Scientist,Excellent,Corporate,Consulting,Business Services,Unknown / Non-Applicable,112,116,51.0,200.0
Data Science Software Engineer,Excellent,Corporate,Computer Hardware & Software,Information Technology,Unknown / Non-Applicable,112,116,201.0,500.0
AI Ops Data Scientist,Good,Corporate,Biotech & Pharmaceuticals,Biotech & Pharmaceuticals,High Revenue,112,116,201.0,500.0
Data Scientist,Excellent,Corporate,Aerospace & Defense,Aerospace & Defense,Unknown / Non-Applicable,112,116,51.0,200.0
Data Scientist,Good,Corporate,Aerospace & Defense,Aerospace & Defense,Unknown / Non-Applicable,112,116,51.0,200.0
Data Scientist,Excellent,Corporate,Staffing & Outsourcing,Business Services,Unknown / Non-Applicable,112,116,1.0,50.0
Scientist - Machine Learning,Good,Non-Profit,Research & Development,Business Services,Medium Revenue,112,116,201.0,500.0
Data Scientist,Excellent,Corporate,Staffing & Outsourcing,Business Services,Medium Revenue,112,116,1001.0,5000.0
Data Scientist,Good,Corporate,Staffing & Outsourcing,Business Services,Medium Revenue,112,116,1.0,50.0
Sr. Data Scientist,Good,Corporate,Travel Agencies,Travel & Tourism,Unknown / Non-Applicable,112,116,201.0,500.0
Data Scientist,Good,Corporate,IT Services,Information Technology,Medium Revenue,112,116,1001.0,5000.0
Data Scientist,Good,Other,Energy,"Oil, Gas, Energy & Utilities",Unknown / Non-Applicable,112,116,5001.0,10000.0
Analytics Manager - Data Mart,Good,Non-Profit,Health Care Services & Hospitals,Health Care,High Revenue,112,116,501.0,1000.0
Data Modeler (Analytical Systems),Good,Corporate,Insurance Carriers,Insurance,High Revenue,112,116,5001.0,10000.0
Applied AI Scientist / Engineer,Excellent,Other,Computer Hardware & Software,Information Technology,Unknown / Non-Applicable,112,116,1.0,50.0
"Data Engineer (Analytics, SQL, Python, AWS)",Good,Corporate,Insurance Carriers,Insurance,High Revenue,112,116,1.0,50.0
Senior Data Analyst - Finance & Platform Analytics,Good,Other,Internet,Information Technology,Unknown / Non-Applicable,112,116,1001.0,5000.0
Senior Data Scientist,Excellent,Corporate,Computer Hardware & Software,Information Technology,Unknown / Non-Applicable,110,163,201.0,500.0
Market Research Data Scientist,Good,Corporate,Advertising & Marketing,Business Services,Medium Revenue,110,163,51.0,200.0
IT Partner Digital Health Technology and Data Science,Good,Corporate,Biotech & Pharmaceuticals,Biotech & Pharmaceuticals,High Revenue,110,163,5001.0,10000.0
Data Scientist,Very Poor,Other,Biotech & Pharmaceuticals,Biotech & Pharmaceuticals,Medium Revenue,110,163,5001.0,10000.0
Data Scientist,Very Poor,Other,Biotech & Pharmaceuticals,Biotech & Pharmaceuticals,Medium Revenue,110,163,5001.0,10000.0
"Senior Machine Learning Scientist - Bay Area, CA",Good,Corporate,Biotech & Pharmaceuticals,Biotech & Pharmaceuticals,Unknown / Non-Applicable,110,163,501.0,1000.0
"Software Engineer (Data Scientist, C,C++,Linux,Unix) - SISW - MG",Excellent,Corporate,Computer Hardware & Software,Information Technology,High Revenue,110,163,5001.0,10000.0
Senior Clinical Data Scientist Programmer,Good,Corporate,Biotech & Pharmaceuticals,Biotech & Pharmaceuticals,Medium Revenue,110,163,1001.0,5000.0
Data Engineer,Excellent,Corporate,Federal Agencies,Government,Medium Revenue,110,163,51.0,200.0
Computer Vision / Deep Learning Scientist,Good,Corporate,Biotech & Pharmaceuticals,Biotech & Pharmaceuticals,Unknown / Non-Applicable,110,163,501.0,1000.0
Data Solutions Engineer - Data Modeler,Good,Corporate,Insurance Carriers,Insurance,High Revenue,110,163,501.0,1000.0
Data Scientist,Excellent,Corporate,IT Services,Information Technology,Medium Revenue,110,163,501.0,1000.0
Data Scientist (TS/SCI w/ Poly),Good,Corporate,Aerospace & Defense,Aerospace & Defense,High Revenue,110,163,5001.0,10000.0
Weapons and Sensors Engineer/Scientist,Good,Corporate,Aerospace & Defense,Aerospace & Defense,Medium Revenue,110,163,1001.0,5000.0
Applied Computer Scientist,Excellent,Corporate,Aerospace & Defense,Aerospace & Defense,Medium Revenue,110,163,201.0,500.0
Senior Data Analyst,Excellent,Corporate,Enterprise Software & Network Solutions,Information Technology,Medium Revenue,110,163,501.0,1000.0
Cloud Data Engineer (Azure),Good,Other,Banks & Credit Unions,Finance,Unknown / Non-Applicable,110,163,501.0,1000.0
"Lead Certified Clinical Laboratory Scientist - Saturday - Tuesday, 8:00pm - 6:30am shift",Good,Corporate,Health Care Services & Hospitals,Health Care,Medium Revenue,110,163,1001.0,5000.0
Sr. Data Analyst,Good,Corporate,Health Care Services & Hospitals,Health Care,High Revenue,110,163,201.0,500.0
Senior Scientist - Toxicologist - Product Integrity (Stewardship),Good,Corporate,Consumer Products Manufacturing,Manufacturing,High Revenue,110,163,5001.0,10000.0
Senior Machine Learning Engineer,Excellent,Corporate,Enterprise Software & Network Solutions,Information Technology,Unknown / Non-Applicable,110,163,51.0,200.0
Product Data Scientist - Ads Data Science,Excellent,Corporate,Internet,Information Technology,High Revenue,124,198,1001.0,5000.0
Data Scientist,Good,Corporate,Express Delivery Services,Transportation & Logistics,Unknown / Non-Applicable,124,198,1001.0,5000.0
Data Scientist,Excellent,Corporate,Enterprise Software & Network Solutions,Information Technology,Medium Revenue,124,198,51.0,200.0
Data Scientist,Very Poor,Other,Biotech & Pharmaceuticals,Biotech & Pharmaceuticals,Unknown / Non-Applicable,124,198,51.0,200.0
Data Scientist,Good,Corporate,Biotech & Pharmaceuticals,Biotech & Pharmaceuticals,Unknown / Non-Applicable,124,198,201.0,500.0
Data Scientist,Very Poor,Corporate,IT Services,Information Technology,Unknown / Non-Applicable,124,198,1.0,50.0
Data Scientist,Excellent,Corporate,Enterprise Software & Network Solutions,Information Technology,Unknown / Non-Applicable,124,198,1.0,50.0
Data Scientist,Good,Corporate,Advertising & Marketing,Business Services,Medium Revenue,124,198,1.0,50.0
Data Scientist,Excellent,Corporate,Consulting,Business Services,Medium Revenue,124,198,1.0,50.0
Data Scientist,Excellent,Corporate,Aerospace & Defense,Aerospace & Defense,Medium Revenue,124,198,51.0,200.0
Data Scientist,Excellent,Other,Staffing & Outsourcing,Business Services,Medium Revenue,124,198,201.0,500.0
Data Scientist,Good,Corporate,Consulting,Business Services,High Revenue,124,198,201.0,500.0
Data Scientist,Good,Corporate,Architectural & Engineering Services,Business Services,High Revenue,124,198,5001.0,10000.0
Data Scientist,Excellent,Corporate,IT Services,Information Technology,Medium Revenue,124,198,201.0,500.0
Data Scientist,Good,Corporate,Staffing & Outsourcing,Business Services,High Revenue,124,198,201.0,500.0
Analytics - Business Assurance Data Analyst,Excellent,Corporate,Lending,Finance,Medium Revenue,124,198,501.0,1000.0
Data Scientist,Excellent,Corporate,Accounting,Accounting & Legal,Medium Revenue,124,198,1.0,50.0
Data Scientist,Good,Corporate,Internet,Information Technology,High Revenue,124,198,1001.0,5000.0
Data Scientist,Good,Corporate,Consulting,Business Services,Unknown / Non-Applicable,124,198,1001.0,5000.0
Data Scientist,Very Poor,Corporate,Consulting,Business Services,Medium Revenue,124,198,1.0,50.0
Data Scientist,Excellent,Corporate,Consulting,Business Services,Medium Revenue,124,198,51.0,200.0
Data Scientist,Good,Corporate,Internet,Information Technology,Unknown / Non-Applicable,79,133,501.0,1000.0
Senior Data Scientist,Good,Corporate,Biotech & Pharmaceuticals,Biotech & Pharmaceuticals,Medium Revenue,79,133,201.0,500.0
Data Scientist,Excellent,Corporate,Consulting,Business Services,Medium Revenue,79,133,51.0,200.0
Data Scientist,Very Poor,Corporate,Computer Hardware & Software,Information Technology,Unknown / Non-Applicable,79,133,51.0,200.0
Data Scientist,Very Poor,Corporate,Computer Hardware & Software,Information Technology,Unknown / Non-Applicable,79,133,1.0,50.0
Data Engineer,Excellent,Corporate,Computer Hardware & Software,Information Technology,Medium Revenue,79,133,51.0,200.0
Data Scientist,Good,Corporate,IT Services,Information Technology,Unknown / Non-Applicable,79,133,51.0,200.0
Data Scientist,Good,Corporate,Logistics & Supply Chain,Transportation & Logistics,High Revenue,79,133,51.0,200.0
Data Scientist,Excellent,Corporate,Staffing & Outsourcing,Business Services,Medium Revenue,79,133,1.0,50.0
Data Scientist - Machine Learning,Excellent,Corporate,Staffing & Outsourcing,Business Services,Unknown / Non-Applicable,79,133,1.0,50.0
Data Scientist,Very Poor,Corporate,IT Services,Information Technology,Unknown / Non-Applicable,79,133,51.0,200.0
Data Scientist,Very Poor,Corporate,Farm Support Services,Agriculture & Forestry,Unknown / Non-Applicable,79,133,1.0,50.0
Data Scientist,Good,Corporate,Farm Support Services,Agriculture & Forestry,Unknown / Non-Applicable,79,133,201.0,500.0
Data Scientist,Very Poor,Other,Health Care Services & Hospitals,Health Care,Medium Revenue,79,133,1.0,50.0
Data Scientist,Excellent,Corporate,IT Services,Information Technology,Unknown / Non-Applicable,79,133,1.0,50.0
Data Scientist,Fair,Corporate,IT Services,Information Technology,Unknown / Non-Applicable,79,133,1.0,50.0
Data Scientist,Excellent,Corporate,Research & Development,Business Services,Medium Revenue,79,133,1001.0,5000.0
Data Scientist,Fair,Corporate,Telecommunications Services,Telecommunications,Unknown / Non-Applicable,79,133,1001.0,5000.0
Machine Learning Engineer/Scientist,Excellent,Corporate,Investment Banking & Asset Management,Finance,Unknown / Non-Applicable,79,133,501.0,1000.0
Data Scientist - Intermediate,Excellent,Corporate,Staffing & Outsourcing,Business Services,Medium Revenue,69,116,201.0,500.0
Principal Data Scientist,Good,Corporate,Computer Hardware & Software,Information Technology,High Revenue,69,116,5001.0,10000.0
Data Scientist,Good,Non-Profit,Health Care Services & Hospitals,Health Care,High Revenue,69,116,5001.0,10000.0
"Senior Data Scientist – Image Analytics, Novartis AI Innovation Lab",Good,Corporate,Biotech & Pharmaceuticals,Biotech & Pharmaceuticals,High Revenue,69,116,5001.0,10000.0
Data Scientist,Good,Corporate,Staffing & Outsourcing,Business Services,Medium Revenue,69,116,1001.0,5000.0
Data Scientist,Good,Corporate,Internet,Information Technology,Unknown / Non-Applicable,69,116,1001.0,5000.0
Data Scientist- Industrial Discrete Sector Industry,Good,Corporate,IT Services,Information Technology,High Revenue,69,116,1001.0,5000.0
Data Scientist,Excellent,Corporate,Consulting,Business Services,Medium Revenue,69,116,51.0,200.0
Data Scientist,Good,Corporate,IT Services,Information Technology,Medium Revenue,69,116,1.0,50.0
Data Scientist,Good,Other,Timber Operations,Agriculture & Forestry,High Revenue,69,116,1.0,50.0
Data Scientist,Good,Corporate,Insurance Carriers,Insurance,Medium Revenue,69,116,501.0,1000.0
Data Scientist,Very Poor,Corporate,Colleges & Universities,Education,Medium Revenue,69,116,1.0,50.0
Machine Learning Engineer,Fair,Other,Colleges & Universities,Education,Unknown / Non-Applicable,69,116,501.0,1000.0
Data Scientist,Very Poor,Other,Advertising & Marketing,Business Services,Medium Revenue,69,116,501.0,1000.0
Data Scientist,Fair,Corporate,Advertising & Marketing,Business Services,Medium Revenue,69,116,1001.0,5000.0
Data Scientist,Good,Corporate,Consulting,Business Services,Unknown / Non-Applicable,69,116,501.0,1000.0
Data Scientist,Good,Corporate,Staffing & Outsourcing,Business Services,Medium Revenue,69,116,1.0,50.0
Data Analyst - Unilever Prestige,Good,Other,Consumer Products Manufacturing,Manufacturing,Medium Revenue,69,116,201.0,500.0
Data Scientist,Excellent,Corporate,IT Services,Information Technology,Medium Revenue,69,116,51.0,200.0
Data Scientist,Excellent,Corporate,IT Services,Information Technology,Unknown / Non-Applicable,69,116,1.0,50.0
Data Scientist,Excellent,Corporate,Staffing & Outsourcing,Business Services,Medium Revenue,69,116,51.0,200.0
Data & Machine Learning Scientist,Good,Corporate,Biotech & Pharmaceuticals,Biotech & Pharmaceuticals,Unknown / Non-Applicable,31,56,501.0,1000.0
Data Scientist,Good,Corporate,Enterprise Software & Network Solutions,Information Technology,Medium Revenue,31,56,1001.0,5000.0
"VP, Data Science",Good,Corporate,Research & Development,Business Services,Unknown / Non-Applicable,31,56,51.0,200.0
Senior Business Intelligence Analyst,Good,Corporate,Miscellaneous Manufacturing,Manufacturing,Medium Revenue,31,56,1001.0,5000.0
Data Scientist,Good,Corporate,Aerospace & Defense,Aerospace & Defense,Medium Revenue,31,56,501.0,1000.0
Data Engineer - Kafka,Good,Corporate,Computer Hardware & Software,Information Technology,High Revenue,31,56,501.0,1000.0
Data Scientist,Good,Corporate,Investment Banking & Asset Management,Finance,Unknown / Non-Applicable,31,56,1.0,50.0
Data Scientist,Fair,Corporate,Insurance Agencies & Brokerages,Insurance,High Revenue,31,56,1001.0,5000.0
Data Scientist,Good,Corporate,Financial Transaction Processing,Finance,High Revenue,31,56,5001.0,10000.0
Data Scientist,Excellent,Corporate,Social Assistance,Non-Profit,Medium Revenue,31,56,1.0,50.0
Data Scientist,Fair,Non-Profit,Social Assistance,Non-Profit,Medium Revenue,31,56,51.0,200.0
Data Scientist,Excellent,Corporate,Oil & Gas Services,"Oil, Gas, Energy & Utilities",Medium Revenue,31,56,201.0,500.0
In-Line Inspection Data Analyst,Fair,Corporate,Oil & Gas Services,"Oil, Gas, Energy & Utilities",Medium Revenue,31,56,201.0,500.0
Data Scientist,Excellent,Other,Computer Hardware & Software,Information Technology,Medium Revenue,31,56,201.0,500.0
Data Scientist,Good,Corporate,Construction,"Construction, Repair & Maintenance",Medium Revenue,31,56,1001.0,5000.0
Data Scientist,Good,Other,Staffing & Outsourcing,Business Services,High Revenue,31,56,1001.0,5000.0
Data Scientist,Fair,Corporate,IT Services,Information Technology,Medium Revenue,31,56,201.0,500.0
Decision Scientist,Excellent,Non-Profit,Aerospace & Defense,Aerospace & Defense,High Revenue,31,56,5001.0,10000.0
Data Scientist,Excellent,Corporate,Enterprise Software & Network Solutions,Information Technology,Unknown / Non-Applicable,31,56,1.0,50.0
Data Scientist - TS/SCI FSP or CI Required,Excellent,Corporate,IT Services,Information Technology,Medium Revenue,31,56,1.0,50.0
"Data Scientist, Applied Machine Learning - Bay Area",Good,Corporate,Biotech & Pharmaceuticals,Biotech & Pharmaceuticals,Unknown / Non-Applicable,95,119,501.0,1000.0
Data Scientist,Good,Corporate,Internet,Information Technology,Unknown / Non-Applicable,95,119,1001.0,5000.0
Data Scientist,Good,Corporate,Health Care Services & Hospitals,Health Care,Medium Revenue,95,119,1.0,50.0
Data Scientist,Good,Corporate,Accounting,Accounting & Legal,Medium Revenue,95,119,1.0,50.0
Data Analyst,Good,Corporate,Consulting,Business Services,Medium Revenue,95,119,51.0,200.0
Data Scientist,Good,Other,Staffing & Outsourcing,Business Services,Medium Revenue,95,119,201.0,500.0
Data Scientist,Good,Corporate,"Department, Clothing, & Shoe Stores",Retail,High Revenue,95,119,201.0,500.0
Data Scientist,Excellent,Corporate,Staffing & Outsourcing,Business Services,Medium Revenue,95,119,1.0,50.0
Data Scientist,Very Poor,Other,Staffing & Outsourcing,Business Services,Medium Revenue,95,119,1.0,50.0
Data Scientist,Very Poor,Other,Staffing & Outsourcing,Business Services,Medium Revenue,95,119,1.0,50.0
Data Scientist,Very Poor,Other,Staffing & Outsourcing,Business Services,Medium Revenue,95,119,1.0,50.0
Data Scientist,Very Poor,Other,Staffing & Outsourcing,Business Services,Medium Revenue,95,119,1.0,50.0
Data Scientist,Very Poor,Other,Staffing & Outsourcing,Business Services,Medium Revenue,95,119,1.0,50.0
Data Scientist,Very Poor,Other,Staffing & Outsourcing,Business Services,Medium Revenue,95,119,1.0,50.0
Data Scientist,Excellent,Corporate,Staffing & Outsourcing,Business Services,Medium Revenue,95,119,1.0,50.0
Data Scientist,Good,Corporate,Computer Hardware & Software,Information Technology,Medium Revenue,95,119,51.0,200.0
Data Scientist,Good,Corporate,Staffing & Outsourcing,Business Services,Medium Revenue,95,119,1.0,50.0
Data Scientist,Very Poor,Other,Staffing & Outsourcing,Business Services,Unknown / Non-Applicable,95,119,1.0,50.0
Data Scientist,Excellent,Corporate,Staffing & Outsourcing,Business Services,Medium Revenue,95,119,51.0,200.0
Data Scientist,Good,Corporate,Consulting,Business Services,Medium Revenue,95,119,51.0,200.0
Data Scientist - TS/SCI Required,Excellent,Corporate,IT Services,Information Technology,Medium Revenue,95,119,1.0,50.0
Senior Principal Data Scientist (Python/R),Excellent,Corporate,Biotech & Pharmaceuticals,Biotech & Pharmaceuticals,High Revenue,212,331,1.0,50.0
"Real World Science, Data Scientist",Good,Corporate,Biotech & Pharmaceuticals,Biotech & Pharmaceuticals,High Revenue,212,331,1.0,50.0
Data Scientist,Good,Corporate,Staffing & Outsourcing,Business Services,Unknown / Non-Applicable,212,331,201.0,500.0
Data Scientist(s)/Machine Learning Engineer,Excellent,Corporate,Staffing & Outsourcing,Business Services,Unknown / Non-Applicable,212,331,1.0,50.0
Senior Data Scientist,Good,Corporate,Aerospace & Defense,Aerospace & Defense,High Revenue,212,331,5001.0,10000.0
Data Scientist,Excellent,Corporate,Publishing,Media,Medium Revenue,212,331,5001.0,10000.0
Data Scientist,Good,Corporate,Aerospace & Defense,Aerospace & Defense,High Revenue,212,331,5001.0,10000.0
Data Scientist,Good,Goverment,Research & Development,Business Services,Unknown / Non-Applicable,212,331,501.0,1000.0
ENGINEER - COMPUTER SCIENTIST - RESEARCH COMPUTER SCIENTIST - SIGNAL PROCESSING - SAN ANTONIO OR,Good,Non-Profit,Research & Development,Business Services,High Revenue,212,331,1001.0,5000.0
Data Scientist,Fair,Corporate,Aerospace & Defense,Aerospace & Defense,Unknown / Non-Applicable,212,331,51.0,200.0
Data Science Software Engineer,Excellent,Corporate,Computer Hardware & Software,Information Technology,Unknown / Non-Applicable,212,331,201.0,500.0
"Scientist / Group Lead, Cancer Biology",Very Poor,Other,"Health, Beauty, & Fitness",Consumer Services,Medium Revenue,212,331,201.0,500.0
Data Scientist,Good,Corporate,"Health, Beauty, & Fitness",Consumer Services,Medium Revenue,212,331,51.0,200.0
Data Scientist,Good,Corporate,IT Services,Information Technology,Medium Revenue,212,331,51.0,200.0
"Manager, Field Application Scientist, Southeast",Excellent,Corporate,Biotech & Pharmaceuticals,Biotech & Pharmaceuticals,Unknown / Non-Applicable,212,331,501.0,1000.0
COMPUTER SCIENTIST - ENGINEER - RESEARCH COMPUTER SCIENTIST - SIGNAL PROCESSING,Good,Non-Profit,Research & Development,Business Services,High Revenue,212,331,1001.0,5000.0
Data Scientist,Very Poor,Corporate,Staffing & Outsourcing,Business Services,Unknown / Non-Applicable,212,331,1001.0,5000.0
Data Scientist,Excellent,Corporate,Staffing & Outsourcing,Business Services,Unknown / Non-Applicable,212,331,1.0,50.0
Scientist - Machine Learning,Good,Non-Profit,Research & Development,Business Services,Medium Revenue,212,331,201.0,500.0
Data Scientist,Fair,Corporate,Wholesale,Business Services,High Revenue,212,331,1001.0,5000.0
Data Scientist,Good,Corporate,Consulting,Business Services,Medium Revenue,212,331,51.0,200.0
Data Scientist - Image and Video Analytics,Excellent,Corporate,Staffing & Outsourcing,Business Services,Unknown / Non-Applicable,66,112,1.0,50.0
Data Scientist,Good,Corporate,IT Services,Information Technology,Medium Revenue,66,112,51.0,200.0
Data Scientist,Excellent,Corporate,Staffing & Outsourcing,Business Services,Unknown / Non-Applicable,66,112,1.0,50.0
Data Scientist,Good,Corporate,Staffing & Outsourcing,Business Services,Medium Revenue,66,112,1.0,50.0
Senior Data Engineer,Good,Corporate,Internet,Information Technology,Unknown / Non-Applicable,66,112,501.0,1000.0
Data Scientist,Good,Corporate,IT Services,Information Technology,Medium Revenue,66,112,51.0,200.0
Machine Learning Scientist / Engineer,Excellent,Corporate,Computer Hardware & Software,Information Technology,High Revenue,66,112,51.0,200.0
Data Scientist,Excellent,Corporate,Staffing & Outsourcing,Business Services,High Revenue,66,112,51.0,200.0
Sr. Data Scientist,Good,Corporate,Travel Agencies,Travel & Tourism,Unknown / Non-Applicable,66,112,201.0,500.0
"Intelligence Data Analyst, Senior",Excellent,Corporate,IT Services,Information Technology,Medium Revenue,66,112,501.0,1000.0
Data Science Analyst,Excellent,Corporate,Lending,Finance,Medium Revenue,66,112,201.0,500.0
Data Scientist,Good,Corporate,IT Services,Information Technology,Medium Revenue,66,112,1001.0,5000.0
Data Scientist,Good,Other,Energy,"Oil, Gas, Energy & Utilities",Unknown / Non-Applicable,66,112,5001.0,10000.0
COMPUTER SCIENTIST - ENGINEER - RESEARCH COMPUTER SCIENTIST - TRANSPORTATION TECHNOLOGY,Good,Non-Profit,Research & Development,Business Services,High Revenue,66,112,1001.0,5000.0
Data Scientist,Good,Corporate,IT Services,Information Technology,Medium Revenue,66,112,501.0,1000.0
Data Modeler (Analytical Systems),Good,Corporate,Insurance Carriers,Insurance,High Revenue,66,112,5001.0,10000.0
Data Scientist,Fair,Other,IT Services,Information Technology,Medium Revenue,66,112,501.0,1000.0
Data Scientist,Excellent,Corporate,IT Services,Information Technology,Unknown / Non-Applicable,66,112,51.0,200.0
Data Scientist,Good,Corporate,Enterprise Software & Network Solutions,Information Technology,Medium Revenue,66,112,201.0,500.0
"Data Engineer (Analytics, SQL, Python, AWS)",Good,Corporate,Insurance Carriers,Insurance,High Revenue,66,112,201.0,500.0
Data Scientist 3 (718),Good,Corporate,Biotech & Pharmaceuticals,Biotech & Pharmaceuticals,Medium Revenue,128,201,201.0,500.0
Data Scientist,Excellent,Corporate,Computer Hardware & Software,Information Technology,Medium Revenue,128,201,51.0,200.0
Senior Data Scientist,Good,Corporate,Internet,Information Technology,Unknown / Non-Applicable,128,201,501.0,1000.0
Senior Data Analyst - Finance & Platform Analytics,Good,Other,Internet,Information Technology,Unknown / Non-Applicable,128,201,1001.0,5000.0
Software Engineer - Machine Learning & Data Science (Applied Intelligence Services Team),Excellent,Corporate,Computer Hardware & Software,Information Technology,Medium Revenue,128,201,1001.0,5000.0
IT Partner Digital Health Technology and Data Science,Good,Corporate,Biotech & Pharmaceuticals,Biotech & Pharmaceuticals,High Revenue,128,201,5001.0,10000.0
Data Scientist,Very Poor,Other,Biotech & Pharmaceuticals,Biotech & Pharmaceuticals,Medium Revenue,128,201,5001.0,10000.0
"Senior Machine Learning Scientist - Bay Area, CA",Good,Corporate,Biotech & Pharmaceuticals,Biotech & Pharmaceuticals,Unknown / Non-Applicable,128,201,501.0,1000.0
Data Scientist,Good,Corporate,Insurance Carriers,Insurance,High Revenue,128,201,501.0,1000.0
Clinical Data Analyst,Good,Non-Profit,Consulting,Business Services,Medium Revenue,128,201,51.0,200.0
Data Scientist,Excellent,Corporate,Consulting,Business Services,Unknown / Non-Applicable,128,201,501.0,1000.0
Data Engineer,Excellent,Corporate,Federal Agencies,Government,Medium Revenue,128,201,51.0,200.0
Data Scientist Technical Specialist,Good,Corporate,Aerospace & Defense,Aerospace & Defense,High Revenue,128,201,1001.0,5000.0
Senior Data Scientist,Good,Corporate,Staffing & Outsourcing,Business Services,High Revenue,128,201,1001.0,5000.0
Data Science Manager,Good,Corporate,Computer Hardware & Software,Information Technology,High Revenue,128,201,5001.0,10000.0
Computer Vision / Deep Learning Scientist,Good,Corporate,Biotech & Pharmaceuticals,Biotech & Pharmaceuticals,Unknown / Non-Applicable,128,201,501.0,1000.0
Big Data Engineer,Excellent,Corporate,Industrial Manufacturing,Manufacturing,Medium Revenue,128,201,1001.0,5000.0
Data Architect,Excellent,Corporate,Investment Banking & Asset Management,Finance,Medium Revenue,128,201,51.0,200.0
Machine Learning Engineer,Good,Corporate,IT Services,Information Technology,Unknown / Non-Applicable,128,201,1.0,50.0
Data Scientist,Very Poor,Corporate,Federal Agencies,Government,Unknown / Non-Applicable,128,201,1.0,50.0
Aviation AI/ML Data Scientist,Good,Non-Profit,Federal Agencies,Government,High Revenue,128,201,5001.0,10000.0
Data Scientist,Good,Corporate,Food & Beverage Manufacturing,Manufacturing,High Revenue,138,158,5001.0,10000.0
Data Scientist / Applied Mathematician,Excellent,Corporate,Computer Hardware & Software,Information Technology,Medium Revenue,138,158,51.0,200.0
"Machine Learning Engineer, Sr.",Excellent,Corporate,Aerospace & Defense,Aerospace & Defense,Medium Revenue,138,158,501.0,1000.0
Data Scientist (TS/SCI w/ Poly),Good,Corporate,Aerospace & Defense,Aerospace & Defense,High Revenue,138,158,5001.0,10000.0
Weapons and Sensors Engineer/Scientist,Good,Corporate,Aerospace & Defense,Aerospace & Defense,Medium Revenue,138,158,1001.0,5000.0
Applied Computer Scientist,Excellent,Corporate,Aerospace & Defense,Aerospace & Defense,Medium Revenue,138,158,201.0,500.0
Senior Data Analyst,Excellent,Corporate,Enterprise Software & Network Solutions,Information Technology,Medium Revenue,138,158,501.0,1000.0
Information Systems Engineering Specialist (Engineering Scientist),Good,Other,Colleges & Universities,Education,Unknown / Non-Applicable,138,158,501.0,1000.0
Cloud Data Engineer (Azure),Good,Other,Banks & Credit Unions,Finance,Unknown / Non-Applicable,138,158,501.0,1000.0
Scientist/Research Associate-Metabolic Engineering,Poor,Corporate,Biotech & Pharmaceuticals,Biotech & Pharmaceuticals,Unknown / Non-Applicable,138,158,51.0,200.0
"Vice President, Biometrics and Clinical Data Management",Excellent,Corporate,Biotech & Pharmaceuticals,Biotech & Pharmaceuticals,Unknown / Non-Applicable,138,158,51.0,200.0
Enterprise Data Analyst (Enterprise Portfolio Management Office),Good,Other,Banks & Credit Unions,Finance,Unknown / Non-Applicable,138,158,51.0,200.0
Senior Scientist - Toxicologist - Product Integrity (Stewardship),Good,Corporate,Consumer Products Manufacturing,Manufacturing,High Revenue,138,158,5001.0,10000.0
Lead Data Scientist – Network Analysis and Control,Good,Non-Profit,Federal Agencies,Government,High Revenue,138,158,5001.0,10000.0
Senior Machine Learning Engineer,Excellent,Corporate,Enterprise Software & Network Solutions,Information Technology,Unknown / Non-Applicable,138,158,51.0,200.0
"Sr. Research Associate/ Scientist, NGS prep & Molecular Genomics",Excellent,Corporate,Advertising & Marketing,Business Services,Unknown / Non-Applicable,138,158,51.0,200.0
Data Engineer,Good,Corporate,Advertising & Marketing,Business Services,Medium Revenue,138,158,51.0,200.0
Developer III - Data Science,Good,Corporate,Health Care Services & Hospitals,Health Care,High Revenue,138,158,1001.0,5000.0
Senior Data Engineer,Fair,Corporate,Advertising & Marketing,Business Services,Unknown / Non-Applicable,138,158,51.0,200.0
Hydrogen/Tritium Materials Scientist (Experienced),Good,Goverment,Federal Agencies,Government,High Revenue,138,158,51.0,200.0
Data Engineer,Good,Corporate,Aerospace & Defense,Aerospace & Defense,High Revenue,138,158,5001.0,10000.0
Patient Safety- Associate Data Scientist,Good,Corporate,Biotech & Pharmaceuticals,Biotech & Pharmaceuticals,High Revenue,80,132,5001.0,10000.0
Senior Data Scientist,Good,Corporate,Computer Hardware & Software,Information Technology,High Revenue,80,132,5001.0,10000.0
Data Scientist,Good,Corporate,Construction,"Construction, Repair & Maintenance",Medium Revenue,80,132,1001.0,5000.0
Data Scientist,Good,Corporate,Biotech & Pharmaceuticals,Biotech & Pharmaceuticals,High Revenue,80,132,1001.0,5000.0
Data Scientist,Good,Goverment,Federal Agencies,Government,Unknown / Non-Applicable,80,132,1001.0,5000.0
Data Scientist,Excellent,Corporate,Consulting,Business Services,Medium Revenue,80,132,201.0,500.0
Data Scientist,Excellent,Corporate,Advertising & Marketing,Business Services,Medium Revenue,80,132,51.0,200.0
Data Scientist,Good,Corporate,Health Care Services & Hospitals,Health Care,Unknown / Non-Applicable,80,132,1.0,50.0
Data Scientist,Fair,Corporate,Health Care Services & Hospitals,Health Care,Unknown / Non-Applicable,80,132,1.0,50.0
Data Scientist,Fair,Corporate,IT Services,Information Technology,Medium Revenue,80,132,201.0,500.0
Data Scientist,Good,Corporate,Internet,Information Technology,Medium Revenue,80,132,51.0,200.0
Decision Scientist,Excellent,Non-Profit,Aerospace & Defense,Aerospace & Defense,High Revenue,80,132,5001.0,10000.0
Data Scientist - TS/SCI FSP or CI Required,Excellent,Corporate,IT Services,Information Technology,Medium Revenue,80,132,1.0,50.0
Data Scientist,Good,Corporate,Health Care Services & Hospitals,Health Care,Medium Revenue,80,132,1.0,50.0
Data Scientist,Good,Corporate,Accounting,Accounting & Legal,Medium Revenue,80,132,1.0,50.0
Data Scientist,Excellent,Other,Enterprise Software & Network Solutions,Information Technology,Medium Revenue,80,132,51.0,200.0
Data Scientist,Excellent,Corporate,IT Services,Information Technology,High Revenue,80,132,51.0,200.0
Data Scientist,Good,Corporate,Consulting,Business Services,Medium Revenue,80,132,1.0,50.0
Data Scientist,Good,Corporate,Aerospace & Defense,Aerospace & Defense,Medium Revenue,80,132,51.0,200.0
Data Scientist,Excellent,Corporate,Banks & Credit Unions,Finance,Medium Revenue,80,132,1.0,50.0
(Sr.) Data Scientist -,Good,Corporate,Banks & Credit Unions,Finance,Unknown / Non-Applicable,87,141,201.0,500.0
Senior Data Scientist,Excellent,Corporate,Research & Development,Business Services,High Revenue,87,141,5001.0,10000.0
Data Scientist,Very Poor,Other,Insurance Carriers,Insurance,Medium Revenue,87,141,5001.0,10000.0
Data Scientist,Good,Corporate,Insurance Carriers,Insurance,High Revenue,87,141,5001.0,10000.0
Data Scientist,Very Poor,Corporate,Rail,Transportation & Logistics,Unknown / Non-Applicable,87,141,5001.0,10000.0
Data Scientist,Fair,Other,Rail,Transportation & Logistics,High Revenue,87,141,1001.0,5000.0
Data Scientist,Excellent,Corporate,IT Services,Information Technology,High Revenue,87,141,1001.0,5000.0
Data Scientist,Excellent,Corporate,Aerospace & Defense,Aerospace & Defense,Unknown / Non-Applicable,87,141,51.0,200.0
Data Scientist,Fair,Corporate,Consulting,Business Services,Medium Revenue,87,141,51.0,200.0
Data Scientist,Good,Corporate,Aerospace & Defense,Aerospace & Defense,High Revenue,87,141,5001.0,10000.0
Data Scientist,Good,Corporate,Health Care Services & Hospitals,Health Care,Medium Revenue,87,141,1.0,50.0
Data Engineer,Good,Corporate,Health Care Services & Hospitals,Health Care,Unknown / Non-Applicable,87,141,501.0,1000.0
Data Scientist,Good,Corporate,Consulting,Business Services,Medium Revenue,87,141,1.0,50.0
Data Scientist,Good,Corporate,Computer Hardware & Software,Information Technology,Medium Revenue,87,141,51.0,200.0
Data Scientist,Fair,Corporate,Enterprise Software & Network Solutions,Information Technology,Unknown / Non-Applicable,87,141,51.0,200.0
Data Scientist/Data Analytics Practitioner,Good,Non-Profit,Consulting,Business Services,Medium Revenue,87,141,1001.0,5000.0
Data Scientist,Excellent,Corporate,Staffing & Outsourcing,Business Services,Medium Revenue,87,141,1.0,50.0
Data Scientist,Excellent,Corporate,Computer Hardware & Software,Information Technology,Medium Revenue,87,141,1001.0,5000.0
Data Scientist,Excellent,Corporate,Staffing & Outsourcing,Business Services,Medium Revenue,87,141,51.0,200.0
Data Scientist,Good,Corporate,IT Services,Information Technology,Unknown / Non-Applicable,87,141,201.0,500.0
"Data Scientist, Kinship - NYC/Portland",Good,Corporate,Food & Beverage Manufacturing,Manufacturing,High Revenue,92,155,201.0,500.0
Data Scientist,Excellent,Corporate,Enterprise Software & Network Solutions,Information Technology,Medium Revenue,92,155,1.0,50.0
Data Scientist,Fair,Corporate,Consulting,Business Services,Medium Revenue,92,155,51.0,200.0
Data Scientist,Fair,Corporate,Wholesale,Business Services,Unknown / Non-Applicable,92,155,5001.0,10000.0
Data Scientist,Good,Corporate,Consulting,Business Services,Medium Revenue,92,155,51.0,200.0
Data Scientist - TS/SCI Required,Excellent,Corporate,IT Services,Information Technology,Medium Revenue,92,155,1.0,50.0
Data Scientist,Very Poor,Other,Aerospace & Defense,Aerospace & Defense,Unknown / Non-Applicable,92,155,1.0,50.0
Senior Data Scientist,Good,Corporate,Aerospace & Defense,Aerospace & Defense,High Revenue,92,155,5001.0,10000.0
Data Scientist,Fair,Corporate,Enterprise Software & Network Solutions,Information Technology,Unknown / Non-Applicable,92,155,51.0,200.0
Data Scientist(s)/Machine Learning Engineer,Excellent,Corporate,Staffing & Outsourcing,Business Services,Unknown / Non-Applicable,92,155,1.0,50.0
Data Scientist,Excellent,Corporate,IT Services,Information Technology,Unknown / Non-Applicable,92,155,51.0,200.0
Data Engineer,Good,Corporate,Insurance Carriers,Insurance,Medium Revenue,92,155,201.0,500.0
Data Scientist,Good,Corporate,Insurance Carriers,Insurance,Unknown / Non-Applicable,92,155,1001.0,5000.0
Data Scientist,Good,Corporate,Aerospace & Defense,Aerospace & Defense,High Revenue,92,155,1001.0,5000.0
"AI/ML - Machine Learning Scientist, Siri Understanding",Excellent,Corporate,Computer Hardware & Software,Information Technology,High Revenue,92,155,1001.0,5000.0
Data Scientist,Good,Corporate,Aerospace & Defense,Aerospace & Defense,High Revenue,92,155,5001.0,10000.0
ENGINEER - COMPUTER SCIENTIST - RESEARCH COMPUTER SCIENTIST - SIGNAL PROCESSING - SAN ANTONIO OR,Good,Non-Profit,Research & Development,Business Services,High Revenue,92,155,1001.0,5000.0
Data Scientist,Excellent,Corporate,Consulting,Business Services,Unknown / Non-Applicable,92,155,51.0,200.0
Data Science Software Engineer,Excellent,Corporate,Computer Hardware & Software,Information Technology,Unknown / Non-Applicable,92,155,201.0,500.0
"Scientist / Group Lead, Cancer Biology",Very Poor,Other,Biotech & Pharmaceuticals,Biotech & Pharmaceuticals,Medium Revenue,92,155,201.0,500.0
AI Ops Data Scientist,Good,Corporate,Biotech & Pharmaceuticals,Biotech & Pharmaceuticals,High Revenue,92,155,201.0,500.0
Senior Data Scientist,Good,Corporate,Advertising & Marketing,Business Services,Medium Revenue,105,167,51.0,200.0
Sr. ML/Data Scientist - AI/NLP/Chatbot,Good,Corporate,Telecommunications Services,Telecommunications,High Revenue,105,167,5001.0,10000.0
Data Scientist,Fair,Corporate,Aerospace & Defense,Aerospace & Defense,Unknown / Non-Applicable,105,167,51.0,200.0
Data Scientist,Good,Corporate,"Health, Beauty, & Fitness",Consumer Services,Medium Revenue,105,167,51.0,200.0
Data Scientist,Very Poor,Other,IT Services,Information Technology,Medium Revenue,105,167,51.0,200.0
Data Scientist,Very Poor,Other,IT Services,Information Technology,Medium Revenue,105,167,51.0,200.0
Data Scientist,Good,Corporate,IT Services,Information Technology,Medium Revenue,105,167,51.0,200.0
Data Scientist,Good,Corporate,Aerospace & Defense,Aerospace & Defense,Unknown / Non-Applicable,105,167,51.0,200.0
Data Scientist,Very Poor,Other,Other Retail Stores,Retail,Medium Revenue,105,167,51.0,200.0
Data Scientist,Good,Corporate,Other Retail Stores,Retail,Unknown / Non-Applicable,105,167,51.0,200.0
Data Scientist,Excellent,Corporate,Staffing & Outsourcing,Business Services,Unknown / Non-Applicable,105,167,51.0,200.0
Data Scientist,Excellent,Corporate,Staffing & Outsourcing,Business Services,Unknown / Non-Applicable,105,167,501.0,1000.0
Data Scientist,Very Poor,Corporate,IT Services,Information Technology,Unknown / Non-Applicable,105,167,1.0,50.0
Data Scientist,Good,Corporate,IT Services,Information Technology,Medium Revenue,105,167,201.0,500.0
Data Scientist,Good,Corporate,Biotech & Pharmaceuticals,Biotech & Pharmaceuticals,Medium Revenue,105,167,1001.0,5000.0
Data Scientist,Good,Corporate,Advertising & Marketing,Business Services,Unknown / Non-Applicable,105,167,1001.0,5000.0
Data Scientist,Very Poor,Other,Advertising & Marketing,Business Services,Medium Revenue,105,167,1001.0,5000.0
Data Scientist,Very Poor,Other,Advertising & Marketing,Business Services,Medium Revenue,105,167,1001.0,5000.0
Data Scientist,Excellent,Corporate,Advertising & Marketing,Business Services,Medium Revenue,105,167,1.0,50.0
Data Scientist,Fair,Corporate,Wholesale,Business Services,High Revenue,105,167,1001.0,5000.0
